                  epoch,           train/box_om,           train/cls_om,           train/dfl_om,           train/box_oo,           train/cls_oo,           train/dfl_oo,   metrics/precision(B),      metrics/recall(B),       metrics/mAP50(B),    metrics/mAP50-95(B),             val/box_om,             val/cls_om,             val/dfl_om,             val/box_oo,             val/cls_oo,             val/dfl_oo,                 lr/pg0,                 lr/pg1,                 lr/pg2
                      1,                 1.8734,                 2.8554,                   2.07,                 1.7916,                 3.4647,                 1.9813,                      0,                      0,                      0,                      0,                      0,                      0,                      0,                      0,                      0,                      0,               0.070062,              0.0033264,              0.0033264
                      2,                 1.8061,                 2.6849,                 2.0306,                  1.793,                 3.1371,                  1.985,                      0,                      0,                      0,                      0,                      0,                      0,                      0,                      0,                      0,                      0,               0.040019,              0.0066158,              0.0066158
                      3,                 1.7491,                 2.5381,                 1.9478,                 1.7831,                 2.9029,                 1.9136,                      0,                      0,                      0,                      0,                      0,                      0,                      0,                      0,                      0,                      0,              0.0099306,              0.0098611,              0.0098611
                      4,                 1.7067,                  2.451,                 1.9213,                 1.7303,                 2.7842,                 1.8618,                      0,                      0,                      0,                      0,                      0,                      0,                      0,                      0,                      0,                      0,               0.009802,               0.009802,               0.009802
                      5,                 1.6404,                 2.3683,                 1.8606,                 1.6562,                 2.7055,                 1.8042,                      0,                      0,                      0,                      0,                      0,                      0,                      0,                      0,                      0,                      0,               0.009802,               0.009802,               0.009802
                      6,                 1.6297,                  2.277,                 1.8234,                 1.6326,                 2.5958,                 1.7836,                      0,                      0,                      0,                      0,                      0,                      0,                      0,                      0,                      0,                      0,               0.009736,               0.009736,               0.009736
                      7,                  1.583,                 2.2488,                 1.8016,                 1.6076,                 2.5495,                 1.7656,                      0,                      0,                      0,                      0,                      0,                      0,                      0,                      0,                      0,                      0,                0.00967,                0.00967,                0.00967
                      8,                 1.5249,                 2.1721,                 1.7502,                 1.5711,                 2.4426,                 1.7264,                      0,                      0,                      0,                      0,                      0,                      0,                      0,                      0,                      0,                      0,               0.009604,               0.009604,               0.009604
                      9,                 1.5052,                 2.1045,                 1.7172,                 1.5471,                 2.3401,                 1.6972,                      0,                      0,                      0,                      0,                      0,                      0,                      0,                      0,                      0,                      0,               0.009538,               0.009538,               0.009538
                     10,                 1.5287,                 2.0814,                 1.7313,                 1.5673,                 2.3236,                 1.7078,                0.39151,                0.37532,                0.33906,                0.20025,                 1.4557,                 1.9084,                 1.8764,                 1.4602,                 2.1128,                 1.8725,               0.009472,               0.009472,               0.009472
                     11,                 1.5071,                 2.0423,                 1.7273,                 1.5515,                 2.2484,                 1.7002,                0.39151,                0.37532,                0.33906,                0.20025,                 1.4557,                 1.9084,                 1.8764,                 1.4602,                 2.1128,                 1.8725,               0.009406,               0.009406,               0.009406
                     12,                 1.4992,                 2.0577,                 1.7078,                 1.5627,                 2.2677,                 1.6813,                0.39151,                0.37532,                0.33906,                0.20025,                 1.4557,                 1.9084,                 1.8764,                 1.4602,                 2.1128,                 1.8725,                0.00934,                0.00934,                0.00934
                     13,                 1.4694,                 1.9921,                 1.6696,                 1.5089,                  2.183,                 1.6461,                0.39151,                0.37532,                0.33906,                0.20025,                 1.4557,                 1.9084,                 1.8764,                 1.4602,                 2.1128,                 1.8725,               0.009274,               0.009274,               0.009274
                     14,                 1.4527,                 1.9665,                 1.6497,                 1.5106,                 2.1444,                 1.6337,                0.39151,                0.37532,                0.33906,                0.20025,                 1.4557,                 1.9084,                 1.8764,                 1.4602,                 2.1128,                 1.8725,               0.009208,               0.009208,               0.009208
                     15,                 1.4374,                 1.9364,                 1.6459,                 1.4912,                  2.117,                 1.6216,                0.39151,                0.37532,                0.33906,                0.20025,                 1.4557,                 1.9084,                 1.8764,                 1.4602,                 2.1128,                 1.8725,               0.009142,               0.009142,               0.009142
                     16,                 1.4396,                 1.9203,                 1.6464,                  1.487,                 2.1192,                 1.6232,                0.39151,                0.37532,                0.33906,                0.20025,                 1.4557,                 1.9084,                 1.8764,                 1.4602,                 2.1128,                 1.8725,               0.009076,               0.009076,               0.009076
                     17,                 1.4336,                 1.8919,                 1.6452,                  1.478,                 2.0799,                 1.6296,                0.39151,                0.37532,                0.33906,                0.20025,                 1.4557,                 1.9084,                 1.8764,                 1.4602,                 2.1128,                 1.8725,                0.00901,                0.00901,                0.00901
                     18,                 1.4196,                 1.8673,                 1.6411,                 1.4762,                 2.0398,                 1.6185,                0.39151,                0.37532,                0.33906,                0.20025,                 1.4557,                 1.9084,                 1.8764,                 1.4602,                 2.1128,                 1.8725,               0.008944,               0.008944,               0.008944
                     19,                 1.4096,                 1.8972,                  1.633,                 1.4731,                 2.0787,                 1.6145,                0.39151,                0.37532,                0.33906,                0.20025,                 1.4557,                 1.9084,                 1.8764,                 1.4602,                 2.1128,                 1.8725,               0.008878,               0.008878,               0.008878
                     20,                 1.4104,                  1.856,                 1.6306,                 1.4575,                 2.0321,                 1.6058,                0.41767,                0.48577,                0.44073,                0.25621,                 1.3716,                 1.7271,                 1.7817,                 1.4074,                 1.8057,                  1.799,               0.008812,               0.008812,               0.008812
                     21,                 1.3934,                  1.823,                 1.6143,                 1.4404,                 1.9987,                 1.5953,                0.41767,                0.48577,                0.44073,                0.25621,                 1.3716,                 1.7271,                 1.7817,                 1.4074,                 1.8057,                  1.799,               0.008746,               0.008746,               0.008746
                     22,                 1.3921,                 1.8429,                 1.6199,                 1.4394,                 1.9878,                 1.5964,                0.41767,                0.48577,                0.44073,                0.25621,                 1.3716,                 1.7271,                 1.7817,                 1.4074,                 1.8057,                  1.799,                0.00868,                0.00868,                0.00868
                     23,                 1.3852,                 1.8201,                 1.6071,                 1.4407,                 1.9861,                 1.5885,                0.41767,                0.48577,                0.44073,                0.25621,                 1.3716,                 1.7271,                 1.7817,                 1.4074,                 1.8057,                  1.799,               0.008614,               0.008614,               0.008614
                     24,                 1.3638,                 1.8063,                 1.5902,                 1.4346,                 1.9526,                 1.5786,                0.41767,                0.48577,                0.44073,                0.25621,                 1.3716,                 1.7271,                 1.7817,                 1.4074,                 1.8057,                  1.799,               0.008548,               0.008548,               0.008548
                     25,                 1.3736,                 1.7733,                 1.6055,                 1.4379,                 1.9335,                 1.5884,                0.41767,                0.48577,                0.44073,                0.25621,                 1.3716,                 1.7271,                 1.7817,                 1.4074,                 1.8057,                  1.799,               0.008482,               0.008482,               0.008482
                     26,                 1.3644,                 1.7838,                 1.5935,                 1.4108,                 1.9338,                 1.5693,                0.41767,                0.48577,                0.44073,                0.25621,                 1.3716,                 1.7271,                 1.7817,                 1.4074,                 1.8057,                  1.799,               0.008416,               0.008416,               0.008416
                     27,                 1.3667,                 1.7603,                 1.5898,                 1.4084,                 1.9098,                 1.5658,                0.41767,                0.48577,                0.44073,                0.25621,                 1.3716,                 1.7271,                 1.7817,                 1.4074,                 1.8057,                  1.799,                0.00835,                0.00835,                0.00835
                     28,                 1.3295,                 1.7089,                 1.5677,                 1.3836,                 1.8625,                  1.547,                0.41767,                0.48577,                0.44073,                0.25621,                 1.3716,                 1.7271,                 1.7817,                 1.4074,                 1.8057,                  1.799,               0.008284,               0.008284,               0.008284
                     29,                 1.3565,                 1.7005,                 1.5711,                 1.3995,                 1.8688,                 1.5467,                0.41767,                0.48577,                0.44073,                0.25621,                 1.3716,                 1.7271,                 1.7817,                 1.4074,                 1.8057,                  1.799,               0.008218,               0.008218,               0.008218
                     30,                 1.3288,                 1.7172,                  1.544,                 1.3805,                 1.8908,                 1.5313,                0.51605,                0.50339,                0.52532,                 0.3158,                 1.3114,                 1.4763,                 1.7153,                 1.3835,                 1.5508,                 1.7435,               0.008152,               0.008152,               0.008152
                     31,                 1.3417,                 1.6838,                 1.5677,                 1.3947,                 1.8323,                 1.5579,                0.51605,                0.50339,                0.52532,                 0.3158,                 1.3114,                 1.4763,                 1.7153,                 1.3835,                 1.5508,                 1.7435,               0.008086,               0.008086,               0.008086
                     32,                 1.3354,                 1.6834,                 1.5625,                 1.4075,                 1.8123,                 1.5503,                0.51605,                0.50339,                0.52532,                 0.3158,                 1.3114,                 1.4763,                 1.7153,                 1.3835,                 1.5508,                 1.7435,                0.00802,                0.00802,                0.00802
                     33,                  1.309,                 1.6406,                 1.5367,                 1.3704,                 1.7665,                 1.5303,                0.51605,                0.50339,                0.52532,                 0.3158,                 1.3114,                 1.4763,                 1.7153,                 1.3835,                 1.5508,                 1.7435,               0.007954,               0.007954,               0.007954
                     34,                  1.339,                 1.6628,                 1.5492,                 1.3835,                 1.8117,                 1.5462,                0.51605,                0.50339,                0.52532,                 0.3158,                 1.3114,                 1.4763,                 1.7153,                 1.3835,                 1.5508,                 1.7435,               0.007888,               0.007888,               0.007888
                     35,                 1.3215,                 1.6533,                 1.5525,                 1.3787,                 1.8065,                 1.5461,                0.51605,                0.50339,                0.52532,                 0.3158,                 1.3114,                 1.4763,                 1.7153,                 1.3835,                 1.5508,                 1.7435,               0.007822,               0.007822,               0.007822
                     36,                 1.2917,                 1.6004,                 1.5288,                  1.359,                 1.7468,                 1.5205,                0.51605,                0.50339,                0.52532,                 0.3158,                 1.3114,                 1.4763,                 1.7153,                 1.3835,                 1.5508,                 1.7435,               0.007756,               0.007756,               0.007756
                     37,                 1.2935,                 1.6077,                 1.5366,                 1.3672,                 1.7438,                 1.5313,                0.51605,                0.50339,                0.52532,                 0.3158,                 1.3114,                 1.4763,                 1.7153,                 1.3835,                 1.5508,                 1.7435,                0.00769,                0.00769,                0.00769
                     38,                 1.2847,                 1.5723,                 1.5195,                 1.3435,                 1.7052,                 1.5161,                0.51605,                0.50339,                0.52532,                 0.3158,                 1.3114,                 1.4763,                 1.7153,                 1.3835,                 1.5508,                 1.7435,               0.007624,               0.007624,               0.007624
                     39,                 1.3072,                 1.6132,                 1.5428,                 1.3529,                 1.7585,                 1.5267,                0.51605,                0.50339,                0.52532,                 0.3158,                 1.3114,                 1.4763,                 1.7153,                 1.3835,                 1.5508,                 1.7435,               0.007558,               0.007558,               0.007558
                     40,                 1.2773,                 1.5683,                 1.5018,                 1.3411,                 1.7104,                 1.4942,                0.59761,                0.50548,                0.55719,                 0.3478,                 1.2787,                 1.4344,                 1.6568,                 1.3375,                 1.4651,                 1.6792,               0.007492,               0.007492,               0.007492
                     41,                  1.276,                 1.5573,                 1.5127,                 1.3444,                 1.7001,                 1.5092,                0.59761,                0.50548,                0.55719,                 0.3478,                 1.2787,                 1.4344,                 1.6568,                 1.3375,                 1.4651,                 1.6792,               0.007426,               0.007426,               0.007426
                     42,                 1.2876,                 1.6081,                 1.5261,                 1.3499,                 1.7406,                 1.5124,                0.59761,                0.50548,                0.55719,                 0.3478,                 1.2787,                 1.4344,                 1.6568,                 1.3375,                 1.4651,                 1.6792,                0.00736,                0.00736,                0.00736
                     43,                 1.2747,                 1.5443,                 1.5023,                 1.3174,                 1.7063,                 1.4861,                0.59761,                0.50548,                0.55719,                 0.3478,                 1.2787,                 1.4344,                 1.6568,                 1.3375,                 1.4651,                 1.6792,               0.007294,               0.007294,               0.007294
                     44,                 1.2761,                 1.5563,                 1.5127,                 1.3284,                 1.6967,                 1.4926,                0.59761,                0.50548,                0.55719,                 0.3478,                 1.2787,                 1.4344,                 1.6568,                 1.3375,                 1.4651,                 1.6792,               0.007228,               0.007228,               0.007228
                     45,                 1.2904,                  1.559,                 1.5177,                  1.347,                 1.6931,                 1.5071,                0.59761,                0.50548,                0.55719,                 0.3478,                 1.2787,                 1.4344,                 1.6568,                 1.3375,                 1.4651,                 1.6792,               0.007162,               0.007162,               0.007162
                     46,                 1.2583,                 1.5273,                 1.5114,                 1.3242,                 1.6687,                 1.5066,                0.59761,                0.50548,                0.55719,                 0.3478,                 1.2787,                 1.4344,                 1.6568,                 1.3375,                 1.4651,                 1.6792,               0.007096,               0.007096,               0.007096
                     47,                 1.2571,                 1.5083,                 1.5037,                 1.3219,                 1.6414,                 1.4978,                0.59761,                0.50548,                0.55719,                 0.3478,                 1.2787,                 1.4344,                 1.6568,                 1.3375,                 1.4651,                 1.6792,                0.00703,                0.00703,                0.00703
                     48,                 1.2786,                 1.5308,                 1.5151,                 1.3313,                 1.6522,                    1.5,                0.59761,                0.50548,                0.55719,                 0.3478,                 1.2787,                 1.4344,                 1.6568,                 1.3375,                 1.4651,                 1.6792,               0.006964,               0.006964,               0.006964
                     49,                 1.2525,                  1.495,                 1.4874,                 1.3134,                 1.6234,                 1.4832,                0.59761,                0.50548,                0.55719,                 0.3478,                 1.2787,                 1.4344,                 1.6568,                 1.3375,                 1.4651,                 1.6792,               0.006898,               0.006898,               0.006898
                     50,                 1.2672,                 1.5105,                 1.5091,                 1.3332,                  1.643,                  1.508,                0.59933,                0.57992,                 0.6089,                0.37246,                 1.2924,                 1.3214,                  1.668,                 1.3649,                 1.3752,                 1.7146,               0.006832,               0.006832,               0.006832
                     51,                 1.2347,                 1.4716,                 1.4744,                 1.2994,                 1.5863,                 1.4742,                0.59933,                0.57992,                 0.6089,                0.37246,                 1.2924,                 1.3214,                  1.668,                 1.3649,                 1.3752,                 1.7146,               0.006766,               0.006766,               0.006766
                     52,                 1.2443,                 1.4961,                 1.4895,                 1.3156,                 1.6327,                 1.4927,                0.59933,                0.57992,                 0.6089,                0.37246,                 1.2924,                 1.3214,                  1.668,                 1.3649,                 1.3752,                 1.7146,                 0.0067,                 0.0067,                 0.0067
                     53,                 1.2559,                 1.4426,                 1.4873,                 1.3161,                  1.577,                 1.4862,                0.59933,                0.57992,                 0.6089,                0.37246,                 1.2924,                 1.3214,                  1.668,                 1.3649,                 1.3752,                 1.7146,               0.006634,               0.006634,               0.006634
                     54,                 1.2378,                 1.4625,                 1.4874,                 1.3012,                 1.6103,                  1.486,                0.59933,                0.57992,                 0.6089,                0.37246,                 1.2924,                 1.3214,                  1.668,                 1.3649,                 1.3752,                 1.7146,               0.006568,               0.006568,               0.006568
                     55,                 1.2331,                  1.481,                 1.4726,                 1.3026,                 1.6239,                 1.4677,                0.59933,                0.57992,                 0.6089,                0.37246,                 1.2924,                 1.3214,                  1.668,                 1.3649,                 1.3752,                 1.7146,               0.006502,               0.006502,               0.006502
                     56,                 1.2267,                 1.4229,                 1.4654,                 1.2882,                 1.5644,                 1.4652,                0.59933,                0.57992,                 0.6089,                0.37246,                 1.2924,                 1.3214,                  1.668,                 1.3649,                 1.3752,                 1.7146,               0.006436,               0.006436,               0.006436
                     57,                 1.2227,                 1.4191,                   1.47,                 1.2855,                 1.5609,                 1.4732,                0.59933,                0.57992,                 0.6089,                0.37246,                 1.2924,                 1.3214,                  1.668,                 1.3649,                 1.3752,                 1.7146,                0.00637,                0.00637,                0.00637
                     58,                 1.2354,                 1.4223,                 1.4696,                 1.2983,                 1.5536,                 1.4624,                0.59933,                0.57992,                 0.6089,                0.37246,                 1.2924,                 1.3214,                  1.668,                 1.3649,                 1.3752,                 1.7146,               0.006304,               0.006304,               0.006304
                     59,                  1.211,                   1.39,                 1.4458,                 1.2781,                 1.5073,                  1.444,                0.59933,                0.57992,                 0.6089,                0.37246,                 1.2924,                 1.3214,                  1.668,                 1.3649,                 1.3752,                 1.7146,               0.006238,               0.006238,               0.006238
                     60,                 1.2007,                 1.3923,                 1.4524,                 1.2644,                 1.5171,                 1.4533,                0.66992,                0.54663,                0.63097,                0.40045,                  1.246,                 1.2326,                  1.629,                 1.3214,                 1.2689,                 1.6628,               0.006172,               0.006172,               0.006172
                     61,                 1.2099,                 1.3946,                 1.4528,                 1.2699,                 1.5419,                 1.4527,                0.66992,                0.54663,                0.63097,                0.40045,                  1.246,                 1.2326,                  1.629,                 1.3214,                 1.2689,                 1.6628,               0.006106,               0.006106,               0.006106
                     62,                 1.2345,                 1.4029,                 1.4706,                 1.2972,                 1.5405,                 1.4673,                0.66992,                0.54663,                0.63097,                0.40045,                  1.246,                 1.2326,                  1.629,                 1.3214,                 1.2689,                 1.6628,                0.00604,                0.00604,                0.00604
                     63,                 1.1882,                 1.3523,                   1.44,                 1.2582,                 1.4607,                 1.4493,                0.66992,                0.54663,                0.63097,                0.40045,                  1.246,                 1.2326,                  1.629,                 1.3214,                 1.2689,                 1.6628,               0.005974,               0.005974,               0.005974
                     64,                 1.2038,                 1.3811,                 1.4528,                 1.2715,                 1.5055,                 1.4551,                0.66992,                0.54663,                0.63097,                0.40045,                  1.246,                 1.2326,                  1.629,                 1.3214,                 1.2689,                 1.6628,               0.005908,               0.005908,               0.005908
                     65,                 1.1985,                 1.3565,                 1.4379,                 1.2829,                 1.4815,                 1.4521,                0.66992,                0.54663,                0.63097,                0.40045,                  1.246,                 1.2326,                  1.629,                 1.3214,                 1.2689,                 1.6628,               0.005842,               0.005842,               0.005842
                     66,                 1.1822,                 1.3315,                 1.4364,                 1.2524,                 1.4377,                  1.442,                0.66992,                0.54663,                0.63097,                0.40045,                  1.246,                 1.2326,                  1.629,                 1.3214,                 1.2689,                 1.6628,               0.005776,               0.005776,               0.005776
                     67,                 1.1754,                 1.3316,                 1.4372,                  1.237,                 1.4519,                 1.4353,                0.66992,                0.54663,                0.63097,                0.40045,                  1.246,                 1.2326,                  1.629,                 1.3214,                 1.2689,                 1.6628,                0.00571,                0.00571,                0.00571
                     68,                 1.1862,                 1.3378,                 1.4388,                 1.2644,                 1.4434,                 1.4414,                0.66992,                0.54663,                0.63097,                0.40045,                  1.246,                 1.2326,                  1.629,                 1.3214,                 1.2689,                 1.6628,               0.005644,               0.005644,               0.005644
                     69,                 1.2151,                 1.3472,                 1.4466,                 1.2782,                 1.4752,                 1.4396,                0.66992,                0.54663,                0.63097,                0.40045,                  1.246,                 1.2326,                  1.629,                 1.3214,                 1.2689,                 1.6628,               0.005578,               0.005578,               0.005578
                     70,                 1.1794,                  1.326,                 1.4334,                 1.2525,                 1.4379,                 1.4372,                0.66315,                0.60622,                0.65671,                0.42084,                 1.2139,                 1.1566,                 1.5947,                 1.2873,                 1.1836,                 1.6361,               0.005512,               0.005512,               0.005512
                     71,                 1.1666,                 1.3187,                 1.4271,                 1.2402,                 1.4326,                 1.4257,                0.66315,                0.60622,                0.65671,                0.42084,                 1.2139,                 1.1566,                 1.5947,                 1.2873,                 1.1836,                 1.6361,               0.005446,               0.005446,               0.005446
                     72,                  1.177,                 1.2844,                 1.4334,                 1.2334,                 1.4237,                 1.4357,                0.66315,                0.60622,                0.65671,                0.42084,                 1.2139,                 1.1566,                 1.5947,                 1.2873,                 1.1836,                 1.6361,                0.00538,                0.00538,                0.00538
                     73,                 1.1805,                 1.3218,                 1.4346,                 1.2578,                 1.4403,                  1.449,                0.66315,                0.60622,                0.65671,                0.42084,                 1.2139,                 1.1566,                 1.5947,                 1.2873,                 1.1836,                 1.6361,               0.005314,               0.005314,               0.005314
                     74,                 1.1771,                 1.3023,                 1.4252,                 1.2428,                  1.426,                 1.4316,                0.66315,                0.60622,                0.65671,                0.42084,                 1.2139,                 1.1566,                 1.5947,                 1.2873,                 1.1836,                 1.6361,               0.005248,               0.005248,               0.005248
                     75,                 1.1697,                 1.3264,                 1.4383,                 1.2232,                 1.4758,                 1.4341,                0.66315,                0.60622,                0.65671,                0.42084,                 1.2139,                 1.1566,                 1.5947,                 1.2873,                 1.1836,                 1.6361,               0.005182,               0.005182,               0.005182
                     76,                 1.1592,                 1.2773,                 1.4223,                 1.2222,                 1.4114,                 1.4244,                0.66315,                0.60622,                0.65671,                0.42084,                 1.2139,                 1.1566,                 1.5947,                 1.2873,                 1.1836,                 1.6361,               0.005116,               0.005116,               0.005116
                     77,                 1.1642,                 1.2944,                 1.4143,                 1.2169,                 1.4156,                 1.4202,                0.66315,                0.60622,                0.65671,                0.42084,                 1.2139,                 1.1566,                 1.5947,                 1.2873,                 1.1836,                 1.6361,                0.00505,                0.00505,                0.00505
                     78,                  1.167,                 1.2806,                 1.4258,                 1.2281,                 1.4149,                 1.4282,                0.66315,                0.60622,                0.65671,                0.42084,                 1.2139,                 1.1566,                 1.5947,                 1.2873,                 1.1836,                 1.6361,               0.004984,               0.004984,               0.004984
                     79,                 1.1703,                 1.2773,                 1.4212,                 1.2303,                 1.4041,                 1.4213,                0.66315,                0.60622,                0.65671,                0.42084,                 1.2139,                 1.1566,                 1.5947,                 1.2873,                 1.1836,                 1.6361,               0.004918,               0.004918,               0.004918
                     80,                 1.1484,                  1.253,                 1.4025,                 1.2056,                 1.3632,                 1.4013,                 0.6729,                 0.6207,                0.68471,                0.44419,                 1.2095,                 1.0871,                 1.5833,                 1.2605,                 1.1268,                 1.6252,               0.004852,               0.004852,               0.004852
                     81,                  1.163,                  1.273,                 1.4236,                 1.2204,                 1.3971,                 1.4213,                 0.6729,                 0.6207,                0.68471,                0.44419,                 1.2095,                 1.0871,                 1.5833,                 1.2605,                 1.1268,                 1.6252,               0.004786,               0.004786,               0.004786
                     82,                 1.1568,                 1.2617,                 1.4086,                 1.2143,                 1.3806,                 1.4123,                 0.6729,                 0.6207,                0.68471,                0.44419,                 1.2095,                 1.0871,                 1.5833,                 1.2605,                 1.1268,                 1.6252,                0.00472,                0.00472,                0.00472
                     83,                 1.1746,                 1.2533,                 1.4227,                 1.2394,                 1.3568,                 1.4243,                 0.6729,                 0.6207,                0.68471,                0.44419,                 1.2095,                 1.0871,                 1.5833,                 1.2605,                 1.1268,                 1.6252,               0.004654,               0.004654,               0.004654
                     84,                 1.1639,                 1.2647,                 1.4251,                 1.2249,                 1.3838,                 1.4225,                 0.6729,                 0.6207,                0.68471,                0.44419,                 1.2095,                 1.0871,                 1.5833,                 1.2605,                 1.1268,                 1.6252,               0.004588,               0.004588,               0.004588
                     85,                 1.1417,                 1.2315,                 1.4089,                 1.2072,                 1.3475,                 1.4105,                 0.6729,                 0.6207,                0.68471,                0.44419,                 1.2095,                 1.0871,                 1.5833,                 1.2605,                 1.1268,                 1.6252,               0.004522,               0.004522,               0.004522
                     86,                 1.1496,                 1.2258,                 1.4163,                  1.202,                 1.3566,                 1.4165,                 0.6729,                 0.6207,                0.68471,                0.44419,                 1.2095,                 1.0871,                 1.5833,                 1.2605,                 1.1268,                 1.6252,               0.004456,               0.004456,               0.004456
                     87,                 1.1485,                 1.2368,                  1.418,                 1.2045,                 1.3673,                 1.4166,                 0.6729,                 0.6207,                0.68471,                0.44419,                 1.2095,                 1.0871,                 1.5833,                 1.2605,                 1.1268,                 1.6252,                0.00439,                0.00439,                0.00439
                     88,                 1.1435,                  1.211,                  1.406,                 1.2082,                 1.3266,                 1.4053,                 0.6729,                 0.6207,                0.68471,                0.44419,                 1.2095,                 1.0871,                 1.5833,                 1.2605,                 1.1268,                 1.6252,               0.004324,               0.004324,               0.004324
                     89,                 1.1345,                 1.1867,                 1.3932,                 1.1995,                 1.2979,                 1.3933,                 0.6729,                 0.6207,                0.68471,                0.44419,                 1.2095,                 1.0871,                 1.5833,                 1.2605,                 1.1268,                 1.6252,               0.004258,               0.004258,               0.004258
                     90,                  1.136,                 1.2213,                 1.4029,                 1.2091,                 1.3353,                 1.4094,                0.69817,                0.64205,                0.71036,                0.45833,                 1.2006,                   1.05,                 1.5624,                  1.267,                 1.0835,                 1.6022,               0.004192,               0.004192,               0.004192
                     91,                 1.1365,                  1.205,                  1.405,                 1.1943,                 1.3285,                 1.4087,                0.69817,                0.64205,                0.71036,                0.45833,                 1.2006,                   1.05,                 1.5624,                  1.267,                 1.0835,                 1.6022,               0.004126,               0.004126,               0.004126
                     92,                 1.1379,                 1.2022,                 1.3966,                 1.1995,                 1.3322,                 1.4029,                0.69817,                0.64205,                0.71036,                0.45833,                 1.2006,                   1.05,                 1.5624,                  1.267,                 1.0835,                 1.6022,                0.00406,                0.00406,                0.00406
                     93,                 1.1281,                 1.2048,                 1.3863,                 1.1927,                 1.3386,                  1.384,                0.69817,                0.64205,                0.71036,                0.45833,                 1.2006,                   1.05,                 1.5624,                  1.267,                 1.0835,                 1.6022,               0.003994,               0.003994,               0.003994
                     94,                 1.1248,                 1.1837,                 1.4023,                 1.1838,                 1.3054,                 1.4077,                0.69817,                0.64205,                0.71036,                0.45833,                 1.2006,                   1.05,                 1.5624,                  1.267,                 1.0835,                 1.6022,               0.003928,               0.003928,               0.003928
                     95,                 1.1304,                 1.1835,                 1.3878,                 1.2061,                 1.2743,                 1.3966,                0.69817,                0.64205,                0.71036,                0.45833,                 1.2006,                   1.05,                 1.5624,                  1.267,                 1.0835,                 1.6022,               0.003862,               0.003862,               0.003862
                     96,                 1.1225,                 1.1786,                 1.3894,                 1.1896,                   1.29,                 1.3977,                0.69817,                0.64205,                0.71036,                0.45833,                 1.2006,                   1.05,                 1.5624,                  1.267,                 1.0835,                 1.6022,               0.003796,               0.003796,               0.003796
                     97,                 1.1056,                 1.1792,                 1.3773,                 1.1735,                 1.2993,                 1.3867,                0.69817,                0.64205,                0.71036,                0.45833,                 1.2006,                   1.05,                 1.5624,                  1.267,                 1.0835,                 1.6022,                0.00373,                0.00373,                0.00373
                     98,                 1.1144,                 1.1725,                  1.386,                 1.1779,                 1.2905,                 1.3929,                0.69817,                0.64205,                0.71036,                0.45833,                 1.2006,                   1.05,                 1.5624,                  1.267,                 1.0835,                 1.6022,               0.003664,               0.003664,               0.003664
                     99,                  1.115,                 1.1651,                 1.3819,                 1.1884,                 1.2652,                 1.3868,                0.69817,                0.64205,                0.71036,                0.45833,                 1.2006,                   1.05,                 1.5624,                  1.267,                 1.0835,                 1.6022,               0.003598,               0.003598,               0.003598
                    100,                 1.1164,                 1.1727,                 1.3857,                 1.1685,                 1.2953,                 1.3844,                0.70409,                0.64408,                0.71251,                 0.4693,                  1.191,                 1.0318,                 1.5634,                 1.2496,                 1.0956,                 1.6089,               0.003532,               0.003532,               0.003532
                    101,                 1.1095,                 1.1435,                 1.3876,                 1.1675,                 1.2838,                 1.3922,                0.70409,                0.64408,                0.71251,                 0.4693,                  1.191,                 1.0318,                 1.5634,                 1.2496,                 1.0956,                 1.6089,               0.003466,               0.003466,               0.003466
                    102,                 1.1049,                 1.1674,                 1.3779,                 1.1744,                 1.2765,                 1.3849,                0.70409,                0.64408,                0.71251,                 0.4693,                  1.191,                 1.0318,                 1.5634,                 1.2496,                 1.0956,                 1.6089,                 0.0034,                 0.0034,                 0.0034
                    103,                 1.1089,                 1.1274,                 1.3765,                 1.1715,                 1.2493,                 1.3831,                0.70409,                0.64408,                0.71251,                 0.4693,                  1.191,                 1.0318,                 1.5634,                 1.2496,                 1.0956,                 1.6089,               0.003334,               0.003334,               0.003334
                    104,                 1.0897,                 1.0999,                 1.3591,                 1.1604,                 1.2005,                 1.3626,                0.70409,                0.64408,                0.71251,                 0.4693,                  1.191,                 1.0318,                 1.5634,                 1.2496,                 1.0956,                 1.6089,               0.003268,               0.003268,               0.003268
                    105,                 1.0858,                 1.0995,                 1.3594,                 1.1452,                  1.194,                 1.3618,                0.70409,                0.64408,                0.71251,                 0.4693,                  1.191,                 1.0318,                 1.5634,                 1.2496,                 1.0956,                 1.6089,               0.003202,               0.003202,               0.003202
                    106,                 1.0778,                 1.0972,                 1.3617,                 1.1429,                 1.2024,                  1.371,                0.70409,                0.64408,                0.71251,                 0.4693,                  1.191,                 1.0318,                 1.5634,                 1.2496,                 1.0956,                 1.6089,               0.003136,               0.003136,               0.003136
                    107,                 1.0859,                  1.123,                 1.3636,                 1.1497,                 1.2336,                 1.3685,                0.70409,                0.64408,                0.71251,                 0.4693,                  1.191,                 1.0318,                 1.5634,                 1.2496,                 1.0956,                 1.6089,                0.00307,                0.00307,                0.00307
                    108,                 1.0872,                 1.1224,                 1.3707,                 1.1509,                 1.2181,                 1.3753,                0.70409,                0.64408,                0.71251,                 0.4693,                  1.191,                 1.0318,                 1.5634,                 1.2496,                 1.0956,                 1.6089,               0.003004,               0.003004,               0.003004
                    109,                  1.082,                 1.1039,                 1.3689,                 1.1542,                 1.2107,                  1.379,                0.70409,                0.64408,                0.71251,                 0.4693,                  1.191,                 1.0318,                 1.5634,                 1.2496,                 1.0956,                 1.6089,               0.002938,               0.002938,               0.002938
                    110,                 1.0903,                 1.1071,                 1.3602,                 1.1571,                 1.2049,                 1.3653,                0.76396,                 0.6467,                0.75096,                0.49271,                 1.1526,                0.98139,                 1.5273,                 1.2287,                  1.023,                 1.5841,               0.002872,               0.002872,               0.002872
                    111,                 1.0729,                 1.0934,                 1.3591,                 1.1392,                 1.2124,                 1.3651,                0.76396,                 0.6467,                0.75096,                0.49271,                 1.1526,                0.98139,                 1.5273,                 1.2287,                  1.023,                 1.5841,               0.002806,               0.002806,               0.002806
                    112,                 1.0608,                 1.0731,                 1.3468,                 1.1184,                 1.1868,                 1.3514,                0.76396,                 0.6467,                0.75096,                0.49271,                 1.1526,                0.98139,                 1.5273,                 1.2287,                  1.023,                 1.5841,                0.00274,                0.00274,                0.00274
                    113,                 1.0639,                 1.0756,                 1.3454,                 1.1145,                 1.1866,                   1.35,                0.76396,                 0.6467,                0.75096,                0.49271,                 1.1526,                0.98139,                 1.5273,                 1.2287,                  1.023,                 1.5841,               0.002674,               0.002674,               0.002674
                    114,                 1.0893,                 1.1122,                 1.3585,                 1.1615,                 1.2397,                  1.367,                0.76396,                 0.6467,                0.75096,                0.49271,                 1.1526,                0.98139,                 1.5273,                 1.2287,                  1.023,                 1.5841,               0.002608,               0.002608,               0.002608
                    115,                  1.078,                 1.1086,                  1.363,                 1.1346,                 1.2246,                 1.3655,                0.76396,                 0.6467,                0.75096,                0.49271,                 1.1526,                0.98139,                 1.5273,                 1.2287,                  1.023,                 1.5841,               0.002542,               0.002542,               0.002542
                    116,                 1.0817,                 1.0748,                 1.3552,                 1.1448,                 1.1718,                 1.3666,                0.76396,                 0.6467,                0.75096,                0.49271,                 1.1526,                0.98139,                 1.5273,                 1.2287,                  1.023,                 1.5841,               0.002476,               0.002476,               0.002476
                    117,                  1.074,                 1.0524,                 1.3505,                 1.1334,                 1.1546,                 1.3562,                0.76396,                 0.6467,                0.75096,                0.49271,                 1.1526,                0.98139,                 1.5273,                 1.2287,                  1.023,                 1.5841,                0.00241,                0.00241,                0.00241
                    118,                 1.0677,                 1.0589,                 1.3418,                 1.1356,                 1.1651,                 1.3501,                0.76396,                 0.6467,                0.75096,                0.49271,                 1.1526,                0.98139,                 1.5273,                 1.2287,                  1.023,                 1.5841,               0.002344,               0.002344,               0.002344
                    119,                 1.0632,                 1.0722,                 1.3386,                 1.1312,                 1.1752,                 1.3483,                0.76396,                 0.6467,                0.75096,                0.49271,                 1.1526,                0.98139,                 1.5273,                 1.2287,                  1.023,                 1.5841,               0.002278,               0.002278,               0.002278
                    120,                 1.0644,                 1.0527,                 1.3427,                 1.1303,                 1.1443,                  1.353,                0.70571,                0.66789,                0.73654,                0.49066,                 1.1691,                0.98948,                 1.5451,                 1.2049,                 1.0654,                 1.5812,               0.002212,               0.002212,               0.002212
                    121,                 1.0653,                 1.0757,                 1.3561,                 1.1307,                 1.1886,                 1.3663,                0.70571,                0.66789,                0.73654,                0.49066,                 1.1691,                0.98948,                 1.5451,                 1.2049,                 1.0654,                 1.5812,               0.002146,               0.002146,               0.002146
                    122,                  1.047,                 1.0589,                 1.3496,                   1.11,                  1.167,                 1.3565,                0.70571,                0.66789,                0.73654,                0.49066,                 1.1691,                0.98948,                 1.5451,                 1.2049,                 1.0654,                 1.5812,                0.00208,                0.00208,                0.00208
                    123,                 1.0532,                 1.0441,                 1.3345,                  1.126,                 1.1531,                 1.3455,                0.70571,                0.66789,                0.73654,                0.49066,                 1.1691,                0.98948,                 1.5451,                 1.2049,                 1.0654,                 1.5812,               0.002014,               0.002014,               0.002014
                    124,                 1.0602,                 1.0327,                 1.3438,                  1.122,                 1.1317,                 1.3473,                0.70571,                0.66789,                0.73654,                0.49066,                 1.1691,                0.98948,                 1.5451,                 1.2049,                 1.0654,                 1.5812,               0.001948,               0.001948,               0.001948
                    125,                 1.0591,                  1.052,                 1.3378,                 1.1241,                 1.1507,                 1.3466,                0.70571,                0.66789,                0.73654,                0.49066,                 1.1691,                0.98948,                 1.5451,                 1.2049,                 1.0654,                 1.5812,               0.001882,               0.001882,               0.001882
                    126,                 1.0371,                 1.0394,                 1.3344,                 1.1064,                 1.1342,                 1.3483,                0.70571,                0.66789,                0.73654,                0.49066,                 1.1691,                0.98948,                 1.5451,                 1.2049,                 1.0654,                 1.5812,               0.001816,               0.001816,               0.001816
                    127,                 1.0426,                 1.0265,                  1.325,                 1.1074,                 1.1301,                 1.3354,                0.70571,                0.66789,                0.73654,                0.49066,                 1.1691,                0.98948,                 1.5451,                 1.2049,                 1.0654,                 1.5812,                0.00175,                0.00175,                0.00175
                    128,                 1.0368,                 1.0265,                 1.3284,                 1.0983,                 1.1192,                 1.3386,                0.70571,                0.66789,                0.73654,                0.49066,                 1.1691,                0.98948,                 1.5451,                 1.2049,                 1.0654,                 1.5812,               0.001684,               0.001684,               0.001684
                    129,                 1.0421,                 1.0179,                 1.3375,                 1.1049,                 1.1126,                 1.3477,                0.70571,                0.66789,                0.73654,                0.49066,                 1.1691,                0.98948,                 1.5451,                 1.2049,                 1.0654,                 1.5812,               0.001618,               0.001618,               0.001618
                    130,                 1.0279,                 1.0232,                 1.3236,                 1.0899,                 1.1196,                 1.3324,                0.76099,                0.67262,                0.75711,                0.50187,                 1.1595,                0.94517,                 1.5328,                 1.2086,                 1.0113,                   1.57,               0.001552,               0.001552,               0.001552
                    131,                 1.0323,                 1.0058,                 1.3287,                 1.1004,                 1.1044,                 1.3373,                0.76099,                0.67262,                0.75711,                0.50187,                 1.1595,                0.94517,                 1.5328,                 1.2086,                 1.0113,                   1.57,               0.001486,               0.001486,               0.001486
                    132,                 1.0515,                 1.0082,                 1.3386,                 1.1171,                 1.1004,                 1.3476,                0.76099,                0.67262,                0.75711,                0.50187,                 1.1595,                0.94517,                 1.5328,                 1.2086,                 1.0113,                   1.57,                0.00142,                0.00142,                0.00142
                    133,                 1.0365,                 1.0032,                 1.3367,                 1.1033,                 1.1032,                 1.3492,                0.76099,                0.67262,                0.75711,                0.50187,                 1.1595,                0.94517,                 1.5328,                 1.2086,                 1.0113,                   1.57,               0.001354,               0.001354,               0.001354
                    134,                 1.0449,                 1.0191,                 1.3368,                 1.1023,                 1.1107,                 1.3459,                0.76099,                0.67262,                0.75711,                0.50187,                 1.1595,                0.94517,                 1.5328,                 1.2086,                 1.0113,                   1.57,               0.001288,               0.001288,               0.001288
                    135,                 1.0408,                0.99502,                 1.3259,                 1.1072,                 1.0958,                  1.337,                0.76099,                0.67262,                0.75711,                0.50187,                 1.1595,                0.94517,                 1.5328,                 1.2086,                 1.0113,                   1.57,               0.001222,               0.001222,               0.001222
                    136,                 1.0302,                 1.0022,                 1.3274,                  1.093,                 1.0924,                 1.3362,                0.76099,                0.67262,                0.75711,                0.50187,                 1.1595,                0.94517,                 1.5328,                 1.2086,                 1.0113,                   1.57,               0.001156,               0.001156,               0.001156
                    137,                 1.0218,                0.99218,                 1.3125,                 1.0816,                 1.0884,                 1.3186,                0.76099,                0.67262,                0.75711,                0.50187,                 1.1595,                0.94517,                 1.5328,                 1.2086,                 1.0113,                   1.57,                0.00109,                0.00109,                0.00109
                    138,                 1.0436,                0.99255,                 1.3301,                 1.0922,                 1.0776,                 1.3324,                0.76099,                0.67262,                0.75711,                0.50187,                 1.1595,                0.94517,                 1.5328,                 1.2086,                 1.0113,                   1.57,               0.001024,               0.001024,               0.001024
                    139,                 1.0237,                0.98597,                 1.3129,                 1.0794,                 1.0986,                 1.3152,                0.76099,                0.67262,                0.75711,                0.50187,                 1.1595,                0.94517,                 1.5328,                 1.2086,                 1.0113,                   1.57,               0.000958,               0.000958,               0.000958
                    140,                 1.0337,                0.98595,                  1.326,                 1.0948,                 1.0777,                 1.3328,                0.74129,                0.68973,                0.77607,                0.52237,                 1.1553,                0.91957,                 1.5321,                 1.2111,                0.94539,                 1.5703,               0.000892,               0.000892,               0.000892
                    141,                0.97151,                 0.8762,                 1.3786,                 1.0216,                0.91217,                 1.4095,                0.74384,                0.67195,                0.75955,                 0.5058,                 1.1426,                0.93224,                 1.5099,                 1.1966,                0.98587,                 1.5454,               0.000826,               0.000826,               0.000826
                    142,                0.96551,                0.85328,                 1.3754,                  1.016,                0.87945,                 1.4076,                0.78008,                0.67858,                0.77082,                0.51888,                  1.145,                0.91606,                 1.5177,                 1.1944,                0.93862,                 1.5412,                0.00076,                0.00076,                0.00076
                    143,                0.93356,                0.81932,                 1.3502,                 0.9922,                0.83732,                 1.3899,                0.74445,                0.70333,                0.77228,                0.51907,                 1.1459,                0.91043,                  1.524,                 1.1923,                0.95901,                 1.5489,               0.000694,               0.000694,               0.000694
                    144,                 0.9331,                0.79867,                 1.3478,                0.97611,                0.81084,                 1.3751,                0.74012,                 0.6888,                0.76471,                0.51862,                 1.1385,                 0.9158,                  1.518,                 1.1779,                0.96816,                 1.5382,               0.000628,               0.000628,               0.000628
                    145,                0.93657,                0.78841,                 1.3509,                0.97983,                0.80638,                 1.3819,                0.73843,                0.69959,                 0.7722,                0.52474,                  1.133,                0.91298,                 1.5124,                 1.1807,                0.93753,                 1.5408,               0.000562,               0.000562,               0.000562
                    146,                0.92953,                0.77416,                 1.3339,                0.98215,                0.79551,                 1.3724,                0.74117,                0.69852,                0.77059,                0.52148,                 1.1256,                0.90606,                 1.5037,                 1.1881,                 0.9425,                 1.5394,               0.000496,               0.000496,               0.000496
                    147,                0.92713,                0.78455,                 1.3397,                0.97362,                 0.8093,                 1.3723,                0.75967,                 0.6731,                0.76792,                0.51947,                  1.133,                0.90749,                  1.508,                  1.182,                0.95261,                 1.5285,                0.00043,                0.00043,                0.00043
                    148,                0.91772,                0.77432,                 1.3323,                0.96952,                0.80113,                 1.3715,                0.75081,                0.69803,                0.77551,                0.52903,                 1.1211,                0.91133,                 1.5034,                  1.173,                0.94202,                 1.5273,               0.000364,               0.000364,               0.000364
                    149,                0.91951,                0.78313,                 1.3227,                0.95812,                 0.7939,                 1.3482,                 0.7814,                0.67121,                0.77053,                0.52527,                 1.1278,                0.91032,                 1.5108,                 1.1778,                0.93789,                  1.533,               0.000298,               0.000298,               0.000298
                    150,                0.91119,                0.75724,                 1.3179,                0.95205,                0.78138,                 1.3446,                 0.7625,                0.67777,                0.77246,                 0.5262,                 1.1286,                0.90962,                 1.5127,                 1.1762,                0.93808,                 1.5343,               0.000232,               0.000232,               0.000232
